employees,lat,lon,address,positions
87,37.791582,-122.394,135 Main Street,"[-122.394, 37.791582]"
87,37.7888907,-122.3981003,535 Mission Street,"[-122.3981003, 37.7888907]"
87,37.794792,-122.403684,601 Montgomery Street,"[-122.403684, 37.794792]"
87,37.791582,-122.394,135 Main Street,"[-122.394, 37.791582]"
87,37.784463,-122.242628,1830 Embarcadero,"[-122.242628, 37.784463]"
88,37.789813,-122.402553,111 Sutter Street,"[-122.402553, 37.789813]"
88,37.7660393,-122.3930894,1800 Owens Street,"[-122.3930894, 37.7660393]"
88,37.909636,-122.066477,2185 North California Boulevard,"[-122.066477, 37.909636]"
88,37.7888907,-122.3981003,535 Mission Street,"[-122.3981003, 37.7888907]"
89,37.792624,-122.398992,100 Pine Street,"[-122.398992, 37.792624]"
89,37.7888907,-122.3981003,535 Mission Street,"[-122.3981003, 37.7888907]"
89,37.7926608,-122.3946185,60 Spear Street,"[-122.3946185, 37.7926608]"
90,37.3653324,-121.9160655,90 Skyport Drive,"[-121.9160655, 37.3653324]"
90,37.723888,-122.236083,1320 Harbor Bay Parkway,"[-122.236083, 37.723888]"
91,37.368335,-121.921571,226 Airport Parkway,"[-121.921571, 37.368335]"
91,37.786795,-122.404104,731 Market Street,"[-122.404104, 37.786795]"
91,37.793076,-122.399608,255 California Street,"[-122.399608, 37.793076]"
91,37.786795,-122.404104,731 Market Street,"[-122.404104, 37.786795]"
91,37.793076,-122.399608,255 California Street,"[-122.399608, 37.793076]"
91,37.793076,-122.399608,255 California Street,"[-122.399608, 37.793076]"
92,37.7942355,-122.4008102,301 Battery Street,"[-122.4008102, 37.7942355]"
92,37.83779,-122.28784,5650 Hollis Street,"[-122.28784, 37.83779]"
92,37.795251,-122.396108,4 Embarcadero Center,"[-122.396108, 37.795251]"
92,37.792624,-122.398992,100 Pine Street,"[-122.398992, 37.792624]"
93,37.7890841,-122.4001359,71 Steveson Street,"[-122.4001359, 37.7890841]"
93,37.7890841,-122.4001359,71 Steveson Street,"[-122.4001359, 37.7890841]"
93,37.7927653,-122.3979675,101 California Street,"[-122.3979675, 37.7927653]"
93,37.793174,-122.401807,430 California Street,"[-122.401807, 37.793174]"
93,37.78945,-122.399808,71 Stevenson Street,"[-122.399808, 37.78945]"
93,38.070633,-122.124104,3985 Teal Court,"[-122.124104, 38.070633]"
93,37.853225,-122.293231,793 Heinz Avenue,"[-122.293231, 37.853225]"
94,37.793174,-122.401807,430 California Street,"[-122.401807, 37.793174]"
94,37.7886378,-122.4033442,88 Kearny Street,"[-122.4033442, 37.7886378]"
94,37.793174,-122.401807,430 California Street,"[-122.401807, 37.793174]"
94,37.793174,-122.401807,430 California Street,"[-122.401807, 37.793174]"
94,37.7926608,-122.3946185,60 Spear Street,"[-122.3946185, 37.7926608]"
94,37.7815,-122.391276,625 2nd Street,"[-122.391276, 37.7815]"
94,37.793174,-122.401807,430 California Street,"[-122.401807, 37.793174]"
94,37.776501,-122.392064,185 Berry Street,"[-122.392064, 37.776501]"
94,37.7926608,-122.3946185,60 Spear Street,"[-122.3946185, 37.7926608]"
95,37.794353,-122.403342,555 Montgomery Street,"[-122.403342, 37.794353]"
95,37.78945,-122.399808,71 Stevenson Street,"[-122.399808, 37.78945]"
95,37.7926608,-122.3946185,60 Spear Street,"[-122.3946185, 37.7926608]"
95,37.781381,-122.3921923,301 Brannan Street,"[-122.3921923, 37.781381]"
95,37.791821,-122.394574,123 Mission Street,"[-122.394574, 37.791821]"
95,37.791821,-122.394574,123 Mission Street,"[-122.394574, 37.791821]"
95,37.791821,-122.394574,123 Mission Street,"[-122.394574, 37.791821]"
95,37.7870868,-122.4004474,116-118 New Montgomery Street,"[-122.4004474, 37.7870868]"
96,37.78945,-122.399808,71 Stevenson Street,"[-122.399808, 37.78945]"
96,37.78945,-122.399808,71 Stevenson Street,"[-122.399808, 37.78945]"
96,37.78205,-122.4097127,995 Market Street,"[-122.4097127, 37.78205]"
96,37.78926,-122.402243,1 Montgomery Street,"[-122.402243, 37.78926]"
97,37.793174,-122.401807,430 California Street,"[-122.401807, 37.793174]"
97,37.794353,-122.403342,555 Montgomery Street,"[-122.403342, 37.794353]"
97,37.794353,-122.403342,555 Montgomery Street,"[-122.403342, 37.794353]"
97,37.788446,-122.398641,555 Mission Street,"[-122.398641, 37.788446]"
97,37.793174,-122.401807,430 California Street,"[-122.401807, 37.793174]"
97,37.793174,-122.401807,430 California Street,"[-122.401807, 37.793174]"
97,37.793269,-122.4044068,550 Kearny Street,"[-122.4044068, 37.793269]"
97,37.793174,-122.401807,430 California Street,"[-122.401807, 37.793174]"
97,37.792982,-122.404143,580 California Street,"[-122.404143, 37.792982]"
97,37.7870868,-122.4004474,116-118 New Montgomery Street,"[-122.4004474, 37.7870868]"
97,37.792982,-122.404143,580 California Street,"[-122.404143, 37.792982]"
97,37.795292,-122.403643,655 Montgomery Street,"[-122.403643, 37.795292]"
97,37.793174,-122.401807,430 California Street,"[-122.401807, 37.793174]"
97,37.794353,-122.403342,555 Montgomery Street,"[-122.403342, 37.794353]"
97,37.793174,-122.401807,430 California Street,"[-122.401807, 37.793174]"
98,37.792982,-122.404143,580 California Street,"[-122.404143, 37.792982]"
98,37.792982,-122.404143,580 California Street,"[-122.404143, 37.792982]"
98,37.792982,-122.404143,580 California Street,"[-122.404143, 37.792982]"
98,37.790032,-122.404488,222 Sutter Street,"[-122.404488, 37.790032]"
98,37.7870868,-122.4004474,116-118 New Montgomery Street,"[-122.4004474, 37.7870868]"
98,37.792982,-122.404143,580 California Street,"[-122.404143, 37.792982]"
98,37.792982,-122.404143,580 California Street,"[-122.404143, 37.792982]"
98,37.785435,-122.405783,22 4th Street,"[-122.405783, 37.785435]"
98,37.785765,-122.405349,799 Market Street,"[-122.405349, 37.785765]"
99,37.794353,-122.403342,555 Montgomery Street,"[-122.403342, 37.794353]"
99,37.788446,-122.398641,555 Mission Street,"[-122.398641, 37.788446]"
99,37.795251,-122.396108,4 Embarcadero Center,"[-122.396108, 37.795251]"
99,37.792982,-122.404143,580 California Street,"[-122.404143, 37.792982]"
99,37.792982,-122.404143,580 California Street,"[-122.404143, 37.792982]"
99,37.793857,-122.403517,505 Montgomery Street,"[-122.403517, 37.793857]"
99,37.847661,-122.287257,1198 65th Street,"[-122.287257, 37.847661]"
99,37.792982,-122.404143,580 California Street,"[-122.404143, 37.792982]"
99,37.793857,-122.403517,505 Montgomery Street,"[-122.403517, 37.793857]"
100,37.7875914,-122.3966546,543 Howard Street,"[-122.3966546, 37.7875914]"
100,37.7875914,-122.3966546,543 Howard Street,"[-122.3966546, 37.7875914]"
100,37.793857,-122.403517,505 Montgomery Street,"[-122.403517, 37.793857]"
100,37.789529,-122.394193,301 Howard Street,"[-122.394193, 37.789529]"
100,37.77737,-122.417193,1390 Market Street,"[-122.417193, 37.77737]"
101,37.9759911,-122.0342005,2020 Willow Pass Road,"[-122.0342005, 37.9759911]"
101,37.789529,-122.394193,301 Howard Street,"[-122.394193, 37.789529]"
101,37.788823,-122.400481,55 2nd Street,"[-122.400481, 37.788823]"
101,37.7929223,-122.405241,650 California Street,"[-122.405241, 37.7929223]"
101,37.3349537,-121.851035,1343 Felipe Avenue,"[-121.851035, 37.3349537]"
102,37.793676,-122.401746,343 Sansome Street,"[-122.401746, 37.793676]"
102,37.791821,-122.394574,123 Mission Street,"[-122.394574, 37.791821]"
102,37.7880669,-122.3992066,101 2nd Street,"[-122.3992066, 37.7880669]"
102,37.791821,-122.394574,123 Mission Street,"[-122.394574, 37.791821]"
103,37.369809,-121.922854,2001 Gateway Place,"[-121.922854, 37.369809]"
103,37.7820815,-122.3984543,730 Harrison Street,"[-122.3984543, 37.7820815]"
103,37.7929223,-122.405241,650 California Street,"[-122.405241, 37.7929223]"
103,37.385779,-121.925893,2590 North 1st Street,"[-121.925893, 37.385779]"
104,37.780535,-122.4132119,1128 Market Street,"[-122.4132119, 37.780535]"
104,37.789529,-122.394193,301 Howard Street,"[-122.394193, 37.789529]"
104,37.788446,-122.398641,555 Mission Street,"[-122.398641, 37.788446]"
104,37.788446,-122.398641,555 Mission Street,"[-122.398641, 37.788446]"
104,37.780535,-122.4132119,1128 Market Street,"[-122.4132119, 37.780535]"
104,37.78989,-122.39993,555 Market Street,"[-122.39993, 37.78989]"
104,37.7820815,-122.3984543,730 Harrison Street,"[-122.3984543, 37.7820815]"
105,37.78801,-122.396192,505 Howard Street,"[-122.396192, 37.78801]"
105,37.780535,-122.4132119,1128 Market Street,"[-122.4132119, 37.780535]"
106,37.7852807,-122.3976135,620 Folsom Street,"[-122.3976135, 37.7852807]"
106,37.701203,-122.470284,2001 Junipero Serra Boulevard,"[-122.470284, 37.701203]"
106,37.788446,-122.398641,555 Mission Street,"[-122.398641, 37.788446]"
106,37.788446,-122.398641,555 Mission Street,"[-122.398641, 37.788446]"
106,37.7852807,-122.3976135,620 Folsom Street,"[-122.3976135, 37.7852807]"
107,37.788446,-122.398641,555 Mission Street,"[-122.398641, 37.788446]"
107,37.788823,-122.400481,55 2nd Street,"[-122.400481, 37.788823]"
107,37.793949,-122.398062,100 California Street,"[-122.398062, 37.793949]"
107,37.7861455,-122.3986756,631 Howard Street,"[-122.3986756, 37.7861455]"
107,37.790472,-122.399132,525 Market Street,"[-122.399132, 37.790472]"
107,37.788446,-122.398641,555 Mission Street,"[-122.398641, 37.788446]"
107,37.7883503,-122.3997377,85 2nd Street,"[-122.3997377, 37.7883503]"
107,37.790472,-122.399132,525 Market Street,"[-122.399132, 37.790472]"
108,37.790472,-122.399132,525 Market Street,"[-122.399132, 37.790472]"
108,37.790472,-122.399132,525 Market Street,"[-122.399132, 37.790472]"
108,37.8009119,-122.4005729,1001 Front Street,"[-122.4005729, 37.8009119]"
108,37.785435,-122.405783,22 4th Street,"[-122.405783, 37.785435]"
109,37.785435,-122.405783,22 4th Street,"[-122.405783, 37.785435]"
109,37.785435,-122.405783,22 4th Street,"[-122.405783, 37.785435]"
109,37.765684,-122.402999,350 Rhode Island Street,"[-122.402999, 37.765684]"
109,37.785435,-122.405783,22 4th Street,"[-122.405783, 37.785435]"
109,37.785435,-122.405783,22 4th Street,"[-122.405783, 37.785435]"
110,37.8025454,-122.4033221,1355 Sansome Street,"[-122.4033221, 37.8025454]"
110,37.8025454,-122.4033221,1355 Sansome Street,"[-122.4033221, 37.8025454]"
110,37.7759333,-122.3987914,88 Bluxome Street,"[-122.3987914, 37.7759333]"
110,37.41481,-122.149809,1530 Page Mill Road,"[-122.149809, 37.41481]"
110,37.7759333,-122.3987914,88 Bluxome Street,"[-122.3987914, 37.7759333]"
110,37.3221709,-121.8672543,South 10th Street,"[-121.8672543, 37.3221709]"
111,37.7927653,-122.3979675,101 California Street,"[-122.3979675, 37.7927653]"
111,37.7933279,-122.397348,1 California Street,"[-122.397348, 37.7933279]"
112,37.790461,-122.401246,1 Sansome Street,"[-122.401246, 37.790461]"
112,37.783521,-122.408109,901 Market Street,"[-122.408109, 37.783521]"
112,37.7883503,-122.3997377,85 2nd Street,"[-122.3997377, 37.7883503]"
112,37.791437,-122.395069,201 Mission Street,"[-122.395069, 37.791437]"
113,37.7856552,-122.3984543,55 Hawthorne Street,"[-122.3984543, 37.7856552]"
113,37.790971,-122.400043,1 Bush Street,"[-122.400043, 37.790971]"
113,37.790971,-122.400043,1 Bush Street,"[-122.400043, 37.790971]"
113,37.7856552,-122.3984543,55 Hawthorne Street,"[-122.3984543, 37.7856552]"
114,37.628223,-122.420706,1111 Bayhill Drive,"[-122.420706, 37.628223]"
114,38.094966,-122.266877,1175 Nimitz Avenue,"[-122.266877, 38.094966]"
115,37.406231,-121.976649,5201 Great America Parkway,"[-121.976649, 37.406231]"
115,37.793896,-122.400375,275 Battery Street,"[-122.400375, 37.793896]"
115,37.55796,-122.273274,989 East Hillsdale Boulevard,"[-122.273274, 37.55796]"
115,37.790461,-122.401246,1 Sansome Street,"[-122.401246, 37.790461]"
115,37.790461,-122.401246,1 Sansome Street,"[-122.401246, 37.790461]"
116,37.790461,-122.401246,1 Sansome Street,"[-122.401246, 37.790461]"
116,37.7828482,-122.3920816,77-85 Federal Street,"[-122.3920816, 37.7828482]"
116,37.7729568,-122.4038069,808 Brannan Street,"[-122.4038069, 37.7729568]"
116,37.790461,-122.401246,1 Sansome Street,"[-122.401246, 37.790461]"
117,37.628007,-122.126458,3832 Bay Center Place,"[-122.126458, 37.628007]"
117,37.55796,-122.273274,989 East Hillsdale Boulevard,"[-122.273274, 37.55796]"
117,37.55796,-122.273274,989 East Hillsdale Boulevard,"[-122.273274, 37.55796]"
117,37.790461,-122.401246,1 Sansome Street,"[-122.401246, 37.790461]"
117,37.795292,-122.403643,655 Montgomery Street,"[-122.403643, 37.795292]"
117,37.7828482,-122.3920816,77-85 Federal Street,"[-122.3920816, 37.7828482]"
117,37.791437,-122.395069,201 Mission Street,"[-122.395069, 37.791437]"
117,37.790965,-122.401688,225 Bush Street,"[-122.401688, 37.790965]"
117,37.790461,-122.401246,1 Sansome Street,"[-122.401246, 37.790461]"
118,37.795292,-122.403643,655 Montgomery Street,"[-122.403643, 37.795292]"
118,37.788446,-122.398641,555 Mission Street,"[-122.398641, 37.788446]"
118,37.785766,-122.39586,303 2nd Street,"[-122.39586, 37.785766]"
118,37.795292,-122.403643,655 Montgomery Street,"[-122.403643, 37.795292]"
118,37.795292,-122.403643,655 Montgomery Street,"[-122.403643, 37.795292]"
118,37.795292,-122.403643,655 Montgomery Street,"[-122.403643, 37.795292]"
118,37.795292,-122.403643,655 Montgomery Street,"[-122.403643, 37.795292]"
119,37.7909128,-122.3967284,350 Mission Street,"[-122.3967284, 37.7909128]"
119,37.7909128,-122.3967284,350 Mission Street,"[-122.3967284, 37.7909128]"
119,37.7909128,-122.3967284,350 Mission Street,"[-122.3967284, 37.7909128]"
119,37.7909128,-122.3967284,350 Mission Street,"[-122.3967284, 37.7909128]"
119,37.78989,-122.39993,555 Market Street,"[-122.39993, 37.78989]"
119,37.7909128,-122.3967284,350 Mission Street,"[-122.3967284, 37.7909128]"
119,37.791057,-122.3991635,1 Market Street,"[-122.3991635, 37.791057]"
119,37.32323,-122.046494,21255 Stevens Creek Boulevard,"[-122.046494, 37.32323]"
119,37.795014,-122.399435,1 Embarcadero Center,"[-122.399435, 37.795014]"
119,37.7909128,-122.3967284,350 Mission Street,"[-122.3967284, 37.7909128]"
119,37.7909128,-122.3967284,350 Mission Street,"[-122.3967284, 37.7909128]"
119,37.7909128,-122.3967284,350 Mission Street,"[-122.3967284, 37.7909128]"
119,37.795014,-122.399435,1 Embarcadero Center,"[-122.399435, 37.795014]"
119,37.7909128,-122.3967284,350 Mission Street,"[-122.3967284, 37.7909128]"
119,37.790965,-122.401688,225 Bush Street,"[-122.401688, 37.790965]"
